use testdb;

-- # 会員
INSERT INTO member_tbl (family_name, first_name, nickname, email, password, deleted_at, created_at, updated_at) 
VALUES
('さとう', 'たけし', 'たけちゃん', 'takeshi@example.com', 'hashed_pw1', NULL, '2025-01-01', '2025-01-01'),
('たなか', 'あゆみ', 'あゆぴ', 'ayumi@example.com', 'hashed_pw2', NULL, '2025-01-02', '2025-01-04'),
('みやざき', 'れん', 'れんれん', 'ren@example.com', 'hashed_pw3', NULL, '2025-01-09', '2025-05-14'),
('いとう', 'ひろし', 'ひろちゃん', 'hiroshi4@example.com', 'hashed_pw4', NULL, '2025-01-14', '2025-01-14'),
('うえの', 'なおこ', 'なおぴ', 'naoko5@example.com', 'hashed_pw5', NULL, '2025-02-13', '2025-02-13'),
('おおた', 'けんじ', 'けんけん', 'kenji6@example.com', 'hashed_pw6', NULL, '2025-03-05', '2025-03-05'),
('かわむら', 'まりこ', 'まりりん', 'mariko7@example.com', 'hashed_pw7', NULL, '2025-01-22', '2025-02-01'),
('こばやし', 'たろう', 'たろたろ', 'taro8@example.com', 'hashed_pw8', NULL, '2025-02-10', '2025-02-10'),
('ささき', 'さゆり', 'さゆっち', 'zen9@example.com', 'hashed_pw9', NULL, '2025-03-01', '2025-03-01'),
('しばた', 'しゅん', 'しゅんしゅん', 'shun@example.com', 'hashed_pw10', NULL, '2025-05-02', '2025-05-02'),
('たかはし', 'みさき', 'みさぴ', 'misaki11@example.com', 'hashed_pw11', NULL, '2025-01-06', '2025-01-06'),
('なかむら', 'だいき', 'だいぽん', 'daiki12@example.com', 'hashed_pw12', NULL, '2025-01-09', '2025-01-09'),
('はやし', 'ゆうこ', 'ゆうたん', 'yuuko13@example.com', 'hashed_pw13', NULL, '2025-02-05', '2025-02-05'),
('ふじた', 'たくや', 'たくぽん', 'takuya14@example.com', 'hashed_pw14', NULL, '2025-02-26', '2025-02-27'),
('まつもと', 'えりか', 'えりり', 'erika15@example.com', 'hashed_pw15', NULL, '2025-05-01', '2025-05-01'),
('むらかみ', 'じろう', 'じろぴ', 'jiro16@example.com', 'hashed_pw16', NULL, '2025-02-07', '2025-02-07'),
('やまぐち', 'あい', 'あいあい', 'aiai17@example.com', 'hashed_pw17', NULL, '2025-01-19', '2025-01-19'),
('わたなべ', 'りく', 'りっくん', 'riku18@example.com', 'hashed_pw18', NULL, '2025-01-11', '2025-01-11'),
('やまだ', 'かなえ', 'かなぽん', 'kanaeru19@example.com', 'hashed_pw19', NULL, '2025-05-09', '2025-05-09'),
('おかだ', 'そうた', 'そうくん', 'soso20@example.com', 'hashed_pw20', '2025-05-22', '2025-03-29', '2025-03-29');


-- # 配送先
INSERT INTO shipping_address_tbl (member_id, receiver, address, postcode, created_at, updated_at) 
VALUES
(1, '佐藤 太郎', '東京都新宿区西新宿2-8-1', '160-0023', '2025-01-01', '2025-01-01'),
(2, '鈴木 花子', '大阪府大阪市北区梅田3-1-1', '530-0001', '2025-01-02', '2025-01-31'),
(3, '高橋 健一', '愛知県名古屋市中村区名駅1-1-4', '450-0002', '2025-01-03', '2025-01-07'),
(4, '伊藤 太郎', '東京都港区芝公園4-2-8', '100-0004', '2025-01-14', '2025-01-14'),
(5, '上野 花子', '大阪府堺市堺区市之町東2-1-1', '100-0005', '2025-02-13', '2025-02-13'),
(6, '太田 健二', '北海道札幌市中央区北1条西2-1', '100-0006', '2025-03-05', '2025-03-05'),
(7, '川村 真理子', '京都府京都市中京区三条通河原町東入', '100-0007', '2025-01-22', '2025-02-01'),
(8, '小林 太郎', '福岡県福岡市博多区博多駅前1-1-1', '100-0008', '2025-02-10', '2025-02-10'),
(9, '佐々木 小夜子', '広島県広島市中区基町6-27', '100-0009', '2025-03-01', '2025-03-01'),
(10, '柴田 俊介', '宮城県仙台市青葉区中央1-1-1', '100-0000', '2025-05-02', '2025-05-02'),
(11, '高橋 美咲', '新潟県新潟市中央区万代1-1-1', '100-0001', '2025-01-06', '2025-01-06'),
(12, '中村 大輝', '熊本県熊本市中央区手取本町1-1', '100-0002', '2025-01-09', '2025-01-09'),
(13, '林 優子', '長崎県長崎市万才町1-1', '100-0003', '2025-02-05', '2025-02-05'),
(14, '藤田 拓也', '石川県金沢市香林坊2-1-1', '100-0004', '2025-02-26', '2025-02-27'),
(15, '松本 恵理', '静岡県静岡市葵区黒金町1-1', '100-0005', '2025-05-01', '2025-05-01'),
(16, '村上 次郎', '岡山県岡山市北区駅元町1-1', '100-0006', '2025-02-07', '2025-02-07'),
(17, '山口 愛', '鹿児島県鹿児島市中央町1-1', '100-0007', '2025-01-19', '2025-01-19'),
(18, '渡辺 陸', '群馬県前橋市大手町1-1-1', '100-0008', '2025-01-11', '2025-01-11'),
(19, '山田 佳苗', '栃木県宇都宮市宮みらい1-1', '100-0009', '2025-05-09', '2025-05-09'),
(20, '岡田 壮太', '岐阜県岐阜市橋本町1-1', '100-0000', '2025-03-29', '2025-03-29');

/* # カテゴリー
1 食品
├── 3 生鮮食品
│   ├── 6 野菜
│   └── 7 肉類
└── 4 加工食品
    └── 8 インスタントラーメン

2 日用品
└── 5 掃除用品
    └── 9 洗剤 */

-- ## 大カテゴリ
INSERT INTO category_tbl (category_id, category_name, level, parent_category_id, created_at, updated_at)
VALUES
(1, '食品', 1, NULL, NOW(), NOW()),
(2, '日用品', 1, NULL, NOW(), NOW());

-- ## 中カテゴリ
INSERT INTO category_tbl (category_id, category_name, level, parent_category_id, created_at, updated_at)
VALUES
(3, '生鮮食品', 2, 1, NOW(), NOW()),
(4, '加工食品', 2, 1, NOW(), NOW()),
(5, '掃除用品', 2, 2, NOW(), NOW());

-- ## 小カテゴリ
INSERT INTO category_tbl (category_id, category_name, level, parent_category_id, created_at, updated_at)
VALUES
(6, '野菜', 3, 3, NOW(), NOW()),
(7, '肉類', 3, 3, NOW(), NOW()),
(8, 'インスタントラーメン', 3, 4, NOW(), NOW()),
(9, '洗剤', 3, 5, NOW(), NOW());


/* # 商品
1 食品
├── 3 生鮮食品
│   ├── 6 野菜
│   │   ├── 1 キャベツ
│   │   └── 2 にんじん
│   └── 7 肉類
│       ├── 3 鶏もも肉
│       └── 4 豚バラ肉
└── 4 加工食品
    └── 8 インスタントラーメン
        ├── 5 辛ラーメン
        └── 6 カップヌードル シーフード

2 日用品
└── 5 掃除用品
    └── 9 洗剤
        ├── 7 アタックゼロ
        └── 8 ファブリーズ */

INSERT INTO product_tbl (
  product_id, product_name, description, price, stock, status,
  category_id, created_at, updated_at
)
VALUES
-- ## 野菜 (category_id = 6)
(1, 'キャベツ', '新鮮なキャベツです。', 128, 100, 1, 6, NOW(), NOW()),
(2, 'にんじん', '北海道産の甘いにんじん。', 98, 200, 1, 6, NOW(), NOW()),

-- ## 肉類 (category_id = 7)
(3, '鶏もも肉', '国産鶏のもも肉、300gパック。', 398, 50, 1, 7, NOW(), NOW()),
(4, '豚バラ肉', '厚切り豚バラスライス。', 428, 70, 1, 7, NOW(), NOW()),

-- ## インスタントラーメン (category_id = 8)
(5, '辛ラーメン', 'ピリ辛好きに人気のインスタント麺。', 148, 300, 1, 8, NOW(), NOW()),
(6, 'カップヌードル シーフード', '濃厚なシーフード味。', 198, 150, 0, 8, NOW(), NOW()),

-- ## 洗剤 (category_id = 9)
(7, 'アタックゼロ', '抗菌・消臭に優れた液体洗剤。', 298, 120, 1, 9, NOW(), NOW()),
(8, 'ファブリーズ', '衣類やカーテンに使える消臭スプレー。', 398, 80, 1, 9, NOW(), NOW());


/* # 商品イメージ
1 食品
├── 3 生鮮食品
│   ├── 6 野菜
│   │   ├── キャベツ (product_id = 1)
│   │   │   ├── /uploads/1/1.jpg
│   │   │   └── /uploads/1/2.jpg
│   │   └── にんじん (product_id = 2)
│   │       └── /uploads/2/3.jpg
│   └── 7 肉類
│       ├── 鶏もも肉 (product_id = 3)
│       │   └── /uploads/3/4.jpg
│       └── 豚バラ肉 (product_id = 4)
│           ├── /uploads/4/5.jpg
│           └── /uploads/4/6.jpg
└── 4 加工食品
    └── 8 インスタントラーメン
        ├── 辛ラーメン (product_id = 5)
        │   └── /uploads/5/7.jpg
        └── カップヌードル シーフード (product_id = 6)
            └── /uploads/6/8.jpg

2 日用品
└── 5 掃除用品
    └── 9 洗剤
        ├── アタックゼロ (product_id = 7)
        │   └── /uploads/7/9.jpg
        └── ファブリーズ (product_id = 8)
            └── /uploads/8/10.jpg */
            
INSERT INTO product_image_tbl (
  product_image_id, src, product_id, created_at, updated_at
) 
VALUES
-- ## キャベツ (product_id = 1)
(1, '/uploads/products/1/1.jpg', 1, NOW(), NOW()),
(2, '/uploads/products/1/2.jpg', 1, NOW(), NOW()),

-- ## にんじん (product_id = 2)
(3, '/uploads/products/2/3.jpg', 2, NOW(), NOW()),

-- ## 鶏もも肉 (product_id = 3)
(4, '/uploads/products/3/4.jpg', 3, NOW(), NOW()),

-- ## 豚バラ肉 (product_id = 4)
(5, '/uploads/products/4/5.jpg', 4, NOW(), NOW()),
(6, '/uploads/products/4/6.jpg', 4, NOW(), NOW()),

-- ## 辛ラーメン (product_id = 5)
(7, '/uploads/products/5/7.jpg', 5, NOW(), NOW()),

-- ## カップヌードル シーフード (product_id = 6)
(8, '/uploads/products/6/8.jpg', 6, NOW(), NOW()),

-- ## アタックゼロ (product_id = 7)
(9, '/uploads/products/7/9.jpg', 7, NOW(), NOW()),

-- ## ファブリーズ (product_id = 8)
(10, '/uploads/products/8/10.jpg', 8, NOW(), NOW());


-- # カート
INSERT INTO cart_tbl (
  member_id,
  product_id,
  quantity,
  public_cart_id,
  created_at,
  updated_at
) 
VALUES
-- ## Takeshi (会員ID：1) - キャベツ 2個, 鶏もも肉 1個
(1, 1, 2, NULL, NOW(), NOW()),
(1, 3, 1, NULL, NOW(), NOW()),

-- ## Ayumi (会員ID：2) - 辛ラーメン 5個, ファブリーズ 1個
(2, 5, 5, NULL, NOW(), NOW()),
(2, 8, 1, 2001, NOW(), NOW()),

-- ## Ren (会員ID：3) - にんじん 3個, アタックゼロ 2個
(3, 2, 3, NULL, NOW(), NOW()),
(3, 7, 2, NULL, NOW(), NOW());


-- # 注文、注文詳細
INSERT INTO order_tbl (order_id, member_id, payment, receiver, address, postcode, shipping_fee, total, status, created_at, updated_at) 
VALUES 
( 1, 1, 3, '佐藤 太郎', '東京都新宿区西新宿2-8-1', '160-0023', 200, 3270, 1, '2025-02-15 10:00:00', '2025-02-15 10:00:00' ),
( 2, 1, 3, '佐藤 太郎', '東京都新宿区西新宿2-8-1', '160-0023', 200, 2380, 1, '2025-02-07 10:00:00', '2025-02-07 10:00:00' ),
( 3, 1, 3, '佐藤 太郎', '東京都新宿区西新宿2-8-1', '160-0023', 200, 1686, 1, '2025-03-26 10:00:00', '2025-03-26 10:00:00' ),
( 4, 1, 3, '佐藤 太郎', '東京都新宿区西新宿2-8-1', '160-0023', 200, 2586, 1, '2025-03-25 10:00:00', '2025-03-25 10:00:00' ),
( 5, 1, 3, '佐藤 太郎', '東京都新宿区西新宿2-8-1', '160-0023', 200, 2222, 1, '2025-03-06 10:00:00', '2025-03-06 10:00:00' ),
( 6, 1, 3, '佐藤 太郎', '東京都新宿区西新宿2-8-1', '160-0023', 200, 1836, 1, '2025-04-08 10:00:00', '2025-04-08 10:00:00' ),
( 7, 1, 3, '佐藤 太郎', '東京都新宿区西新宿2-8-1', '160-0023', 200, 3428, 1, '2025-04-09 10:00:00', '2025-04-09 10:00:00' ),
( 8, 1, 3, '佐藤 太郎', '東京都新宿区西新宿2-8-1', '160-0023', 200, 2882, 1, '2025-04-17 10:00:00', '2025-04-17 10:00:00' ),
( 9, 1, 3, '佐藤 太郎', '東京都新宿区西新宿2-8-1', '160-0023', 200, 1778, 1, '2025-04-26 10:00:00', '2025-04-26 10:00:00' ),
(10, 3, 3, '受取人 10', '東京都渋谷区桜丘町10', '150-0010', 200, 1756, 1, '2025-05-07 10:00:00', '2025-05-07 10:00:00'),
(11, 1, 3, '受取人 11', '東京都渋谷区桜丘町11', '150-0011', 200, 3843, 1, '2025-05-08 10:00:00', '2025-05-08 10:00:00'),
(12, 3, 3, '受取人 12', '東京都渋谷区桜丘町12', '150-0012', 200, 1613, 1, '2025-05-09 10:00:00', '2025-05-09 10:00:00'),
(13, 3, 3, '受取人 13', '東京都渋谷区桜丘町13', '150-0013', 200, 2280, 1, '2025-05-10 10:00:00', '2025-05-10 10:00:00'),
(14, 1, 3, '受取人 14', '東京都渋谷区桜丘町14', '150-0014', 200, 1671, 1, '2025-05-11 10:00:00', '2025-05-11 10:00:00'),
(15, 2, 3, '受取人 15', '東京都渋谷区桜丘町15', '150-0015', 200, 2529, 1, '2025-05-12 10:00:00', '2025-05-12 10:00:00'),
(16, 2, 3, '受取人 16', '東京都渋谷区桜丘町16', '150-0016', 200, 3198, 1, '2025-05-13 10:00:00', '2025-05-13 10:00:00'),
(17, 3, 3, '受取人 17', '東京都渋谷区桜丘町17', '150-0017', 200, 2871, 1, '2025-05-14 10:00:00', '2025-05-14 10:00:00'),
(18, 1, 3, '受取人 18', '東京都渋谷区桜丘町18', '150-0018', 200, 3799, 1, '2025-05-15 10:00:00', '2025-05-15 10:00:00'),
(19, 3, 3, '受取人 19', '東京都渋谷区桜丘町19', '150-0019', 200, 1565, 1, '2025-05-16 10:00:00', '2025-05-16 10:00:00'),
(20, 2, 3, '受取人 20', '東京都渋谷区桜丘町20', '150-0020', 200, 2180, 1, '2025-05-17 10:00:00', '2025-05-17 10:00:00'),
(21, 2, 3, '受取人 21', '東京都渋谷区桜丘町21', '150-0021', 200, 3936, 1, '2025-05-18 10:00:00', '2025-05-18 10:00:00'),
(22, 2, 3, '受取人 22', '東京都渋谷区桜丘町22', '150-0022', 200, 1903, 1, '2025-05-19 10:00:00', '2025-05-19 10:00:00'),
(23, 1, 3, '受取人 23', '東京都渋谷区桜丘町23', '150-0023', 200, 1841, 1, '2025-05-20 10:00:00', '2025-05-20 10:00:00'),
(24, 2, 3, '受取人 24', '東京都渋谷区桜丘町24', '150-0024', 200, 3067, 1, '2025-05-21 10:00:00', '2025-05-21 10:00:00'),
(25, 2, 3, '受取人 25', '東京都渋谷区桜丘町25', '150-0025', 200, 1538, 1, '2025-05-22 10:00:00', '2025-05-22 10:00:00'),
(26, 2, 3, '受取人 26', '東京都渋谷区桜丘町26', '150-0026', 200, 2411, 1, '2025-05-23 10:00:00', '2025-05-23 10:00:00'),
(27, 3, 3, '受取人 27', '東京都渋谷区桜丘町27', '150-0027', 200, 1679, 1, '2025-05-24 10:00:00', '2025-05-24 10:00:00'),
(28, 1, 3, '受取人 28', '東京都渋谷区桜丘町28', '150-0028', 200, 3258, 1, '2025-05-25 10:00:00', '2025-05-25 10:00:00'),
(29, 3, 3, '受取人 29', '東京都渋谷区桜丘町29', '150-0029', 200, 2191, 1, '2025-05-26 10:00:00', '2025-05-26 10:00:00');

INSERT INTO order_detail_tbl (order_detail_id, order_id, product_id, public_cart_id, quantity, purchase_price, created_at, updated_at) 
VALUES 
( 1, 1, 8, NULL, 3, 398, '2025-02-15 10:00:00', '2025-02-15 10:00:00' ),
( 2, 1, 4, NULL, 3, 428, '2025-02-15 10:00:00', '2025-02-15 10:00:00' ),
( 3, 1, 5, NULL, 4, 148, '2025-02-15 10:00:00', '2025-02-15 10:00:00' ),
( 4, 2, 6, NULL, 3, 198, '2025-02-07 10:00:00', '2025-02-07 10:00:00' ),
( 5, 2, 3, NULL, 3, 398, '2025-02-07 10:00:00', '2025-02-07 10:00:00' ),
( 6, 2, 2, NULL, 4, 98, '2025-02-07 10:00:00', '2025-02-07 10:00:00' ),
( 7, 3, 7, NULL, 3, 298, '2025-03-26 10:00:00', '2025-03-26 10:00:00' ),
( 8, 3, 5, NULL, 4, 148, '2025-03-26 10:00:00', '2025-03-26 10:00:00' ),
( 9, 4, 7, NULL, 4, 298, '2025-03-25 10:00:00', '2025-03-25 10:00:00' ),
( 10, 4, 3, NULL, 3, 398, '2025-03-25 10:00:00', '2025-03-25 10:00:00' ),
( 11, 5, 1, NULL, 3, 128, '2025-03-06 10:00:00', '2025-03-06 10:00:00' ),
( 12, 5, 5, NULL, 3, 148, '2025-03-06 10:00:00', '2025-03-06 10:00:00' ),
( 13, 5, 8, NULL, 3, 398, '2025-03-06 10:00:00', '2025-03-06 10:00:00' ),
( 14, 6, 5, NULL, 3, 148, '2025-04-08 10:00:00', '2025-04-08 10:00:00' ),
( 15, 6, 7, NULL, 4, 298, '2025-04-08 10:00:00', '2025-04-08 10:00:00' ),
( 16, 7, 3, NULL, 4, 398, '2025-04-09 10:00:00', '2025-04-09 10:00:00' ),
( 17, 7, 5, NULL, 3, 148, '2025-04-09 10:00:00', '2025-04-09 10:00:00' ),
( 18, 7, 7, NULL, 4, 298, '2025-04-09 10:00:00', '2025-04-09 10:00:00' ),
( 19, 8, 6, NULL, 3, 198, '2025-04-17 10:00:00', '2025-04-17 10:00:00' ),
( 20, 8, 7, NULL, 3, 298, '2025-04-17 10:00:00', '2025-04-17 10:00:00' ),
( 21, 8, 3, NULL, 3, 398, '2025-04-17 10:00:00', '2025-04-17 10:00:00' ),
( 22, 9, 2, NULL, 3, 98, '2025-04-26 10:00:00', '2025-04-26 10:00:00' ),
( 23, 9, 4, NULL, 3, 428, '2025-04-26 10:00:00', '2025-04-26 10:00:00' );


-- # 公開カート
INSERT INTO public_cart_tbl (public_cart_id, member_id, order_id, title, content, img_src, deleted_at, created_at, updated_at) VALUES
(1, 3, 1, 'カート1', 'これはカート1の説明です。', '/uploads/public_cart/1.jpg', NULL, '2025-01-01 10:00:00', '2025-01-01 10:00:00'),
(2, 1, 2, 'カート2', 'これはカート2の説明です。', '/uploads/public_cart/2.jpg', NULL, '2025-01-08 10:00:00', '2025-01-10 10:00:00'),
(3, 3, 3, 'カート3', 'これはカート3の説明です。', '/uploads/public_cart/3.jpg', NULL, '2025-01-15 10:00:00', '2025-01-15 10:00:00'),
(4, 3, 4, 'カート4', 'これはカート4の説明です。', '/uploads/public_cart/4.jpg', NULL, '2025-01-22 10:00:00', '2025-01-22 10:00:00'),
(5, 3, 5, 'カート5', 'これはカート5の説明です。', '/uploads/public_cart/5.jpg', NULL, '2025-01-29 10:00:00', '2025-01-31 10:00:00'),
(6, 2, 6, 'カート6', 'これはカート6の説明です。', '/uploads/public_cart/6.jpg', NULL, '2025-02-05 10:00:00', '2025-02-05 10:00:00'),
(7, 2, 7, 'カート7', 'これはカート7の説明です。', '/uploads/public_cart/7.jpg', NULL, '2025-02-12 10:00:00', '2025-02-12 10:00:00'),
(8, 1, 8, 'カート8', 'これはカート8の説明です。', '/uploads/public_cart/8.jpg', NULL, '2025-02-19 10:00:00', '2025-02-19 10:00:00'),
(9, 1, 9, 'カート9', 'これはカート9の説明です。', '/uploads/public_cart/9.jpg', NULL, '2025-02-26 10:00:00', '2025-02-26 10:00:00'),
(10, 2, 10, 'カート10', 'これはカート10の説明です。', '/uploads/public_cart/10.jpg', NULL, '2025-03-05 10:00:00', '2025-03-05 10:00:00'),
(11, 1, 11, 'カート11', 'これはカート11の説明です。', '/uploads/public_cart/11.jpg', NULL, '2025-03-12 10:00:00', '2025-03-14 10:00:00'),
(12, 3, 12, 'カート12', 'これはカート12の説明です。', '/uploads/public_cart/12.jpg', NULL, '2025-03-19 10:00:00', '2025-03-19 10:00:00'),
(13, 3, 13, 'カート13', 'これはカート13の説明です。', '/uploads/public_cart/13.jpg', NULL, '2025-03-26 10:00:00', '2025-03-26 10:00:00'),
(14, 2, 14, 'カート14', 'これはカート14の説明です。', '/uploads/public_cart/14.jpg', NULL, '2025-04-02 10:00:00', '2025-04-02 10:00:00'),
(15, 3, 15, 'カート15', 'これはカート15の説明です。', '/uploads/public_cart/15.jpg', NULL, '2025-04-09 10:00:00', '2025-04-09 10:00:00'),
(16, 3, 16, 'カート16', 'これはカート16の説明です。', '/uploads/public_cart/16.jpg', NULL, '2025-04-16 10:00:00', '2025-04-18 10:00:00'),
(17, 3, 17, 'カート17', 'これはカート17の説明です。', '/uploads/public_cart/17.jpg', NULL, '2025-04-23 10:00:00', '2025-04-23 10:00:00'),
(18, 1, 18, 'カート18', 'これはカート18の説明です。', '/uploads/public_cart/18.jpg', NULL, '2025-04-30 10:00:00', '2025-04-30 10:00:00'),
(19, 3, 19, 'カート19', 'これはカート19の説明です。', '/uploads/public_cart/19.jpg', NULL, '2025-05-07 10:00:00', '2025-05-07 10:00:00'),
(20, 3, 20, 'カート20', 'これはカート20の説明です。', '/uploads/public_cart/20.jpg', NULL, '2025-05-14 10:00:00', '2025-05-14 10:00:00');


-- # いいね
INSERT INTO like_tbl (member_id, public_cart_id, status, created_at, updated_at)
VALUES
(4, 20, 1, '2025-01-01 09:00:00', '2025-01-01 09:00:00'),
(2, 16, 1, '2025-01-05 19:00:00', '2025-01-05 19:00:00'),
(1, 20, 1, '2025-01-07 00:00:00', '2025-01-07 00:00:00'),
(11, 12, 1, '2025-01-09 11:00:00', '2025-01-09 11:00:00'),
(4, 16, 1, '2025-01-09 16:00:00', '2025-01-09 16:00:00'),
(19, 15, 1, '2025-01-10 05:00:00', '2025-01-10 05:00:00'),
(9, 13, 1, '2025-01-11 10:00:00', '2025-01-11 10:00:00'),
(3, 15, 1, '2025-01-11 20:00:00', '2025-01-11 20:00:00'),
(11, 14, 1, '2025-01-13 02:00:00', '2025-01-13 02:00:00'),
(17, 15, 1, '2025-01-13 23:00:00', '2025-01-13 23:00:00'),
(4, 2, 1, '2025-01-15 11:00:00', '2025-01-15 11:00:00'),
(1, 17, 1, '2025-01-16 19:00:00', '2025-01-16 19:00:00'),
(8, 16, 1, '2025-01-16 23:00:00', '2025-01-16 23:00:00'),
(17, 4, 1, '2025-01-17 04:00:00', '2025-01-17 04:00:00'),
(1, 12, 1, '2025-01-17 21:00:00', '2025-01-17 21:00:00'),
(8, 3, 1, '2025-01-19 07:00:00', '2025-01-19 07:00:00'),
(19, 16, 1, '2025-01-19 09:00:00', '2025-01-19 09:00:00'),
(19, 11, 1, '2025-01-19 19:00:00', '2025-01-19 19:00:00'),
(12, 2, 1, '2025-01-21 18:00:00', '2025-01-21 18:00:00'),
(3, 16, 1, '2025-01-21 18:00:00', '2025-01-21 18:00:00'),
(8, 11, 1, '2025-01-22 12:00:00', '2025-01-22 12:00:00'),
(17, 12, 1, '2025-01-23 02:00:00', '2025-01-23 02:00:00'),
(9, 15, 1, '2025-01-26 09:00:00', '2025-01-26 09:00:00'),
(19, 18, 1, '2025-01-26 19:00:00', '2025-01-26 19:00:00'),
(11, 10, 1, '2025-01-28 14:00:00', '2025-01-28 14:00:00'),
(9, 3, 1, '2025-01-29 17:00:00', '2025-01-29 17:00:00'),
(11, 20, 1, '2025-02-07 06:00:00', '2025-02-07 06:00:00'),
(3, 11, 1, '2025-02-07 08:00:00', '2025-02-07 08:00:00'),
(17, 11, 1, '2025-02-08 12:00:00', '2025-02-08 12:00:00'),
(17, 2, 1, '2025-02-13 15:00:00', '2025-02-13 15:00:00'),
(2, 13, 1, '2025-02-13 23:00:00', '2025-02-13 23:00:00'),
(2, 8, 1, '2025-02-15 07:00:00', '2025-02-15 07:00:00'),
(12, 7, 1, '2025-02-18 05:00:00', '2025-02-18 05:00:00'),
(4, 6, 1, '2025-02-18 20:00:00', '2025-02-18 20:00:00'),
(12, 9, 1, '2025-02-20 00:00:00', '2025-02-20 00:00:00'),
(12, 8, 1, '2025-02-21 11:00:00', '2025-02-21 11:00:00'),
(19, 14, 1, '2025-02-21 12:00:00', '2025-02-21 12:00:00'),
(3, 3, 1, '2025-02-22 19:00:00', '2025-02-22 19:00:00'),
(17, 16, 1, '2025-02-23 02:00:00', '2025-02-23 02:00:00'),
(12, 20, 1, '2025-02-23 06:00:00', '2025-02-23 06:00:00'),
(2, 12, 1, '2025-02-25 10:00:00', '2025-02-25 10:00:00'),
(8, 6, 1, '2025-02-26 18:00:00', '2025-02-26 18:00:00'),
(9, 10, 1, '2025-02-26 18:00:00', '2025-02-26 18:00:00'),
(9, 12, 1, '2025-02-27 03:00:00', '2025-02-27 03:00:00'),
(11, 18, 1, '2025-02-27 20:00:00', '2025-02-27 20:00:00'),
(2, 7, 1, '2025-02-28 02:00:00', '2025-02-28 02:00:00'),
(19, 4, 1, '2025-03-01 15:00:00', '2025-03-01 15:00:00'),
(11, 19, 1, '2025-03-02 00:00:00', '2025-03-02 00:00:00'),
(1, 1, 1, '2025-03-02 11:00:00', '2025-03-02 11:00:00'),
(2, 4, 1, '2025-03-05 09:00:00', '2025-03-05 09:00:00'),
(12, 19, 1, '2025-03-06 18:00:00', '2025-03-06 18:00:00'),
(2, 20, 1, '2025-03-07 21:00:00', '2025-03-07 21:00:00'),
(9, 8, 1, '2025-03-07 23:00:00', '2025-03-07 23:00:00'),
(4, 12, 1, '2025-03-08 07:00:00', '2025-03-08 07:00:00'),
(17, 9, 1, '2025-03-10 01:00:00', '2025-03-10 01:00:00'),
(3, 13, 1, '2025-03-10 05:00:00', '2025-03-10 05:00:00'),
(17, 19, 1, '2025-03-10 10:00:00', '2025-03-10 10:00:00'),
(9, 17, 1, '2025-03-12 02:00:00', '2025-03-12 02:00:00'),
(11, 17, 1, '2025-03-14 17:00:00', '2025-03-14 17:00:00'),
(19, 9, 1, '2025-03-16 19:00:00', '2025-03-16 19:00:00'),
(3, 20, 1, '2025-03-17 05:00:00', '2025-03-17 05:00:00'),
(17, 20, 1, '2025-03-19 12:00:00', '2025-03-19 12:00:00'),
(8, 15, 1, '2025-03-19 22:00:00', '2025-03-19 22:00:00'),
(11, 13, 1, '2025-03-20 22:00:00', '2025-03-20 22:00:00'),
(12, 13, 1, '2025-03-21 11:00:00', '2025-03-21 11:00:00'),
(17, 5, 1, '2025-03-21 23:00:00', '2025-03-21 23:00:00'),
(19, 12, 1, '2025-03-22 15:00:00', '2025-03-22 15:00:00'),
(19, 10, 1, '2025-03-25 01:00:00', '2025-03-25 01:00:00'),
(1, 15, 1, '2025-03-26 19:00:00', '2025-03-26 19:00:00'),
(11, 8, 1, '2025-03-27 06:00:00', '2025-03-27 06:00:00'),
(12, 3, 1, '2025-03-29 23:00:00', '2025-03-29 23:00:00'),
(8, 9, 1, '2025-03-30 03:00:00', '2025-03-30 03:00:00'),
(19, 6, 1, '2025-03-31 02:00:00', '2025-03-31 02:00:00'),
(8, 20, 1, '2025-03-31 05:00:00', '2025-03-31 05:00:00'),
(2, 18, 1, '2025-04-08 01:00:00', '2025-04-08 01:00:00'),
(1, 11, 1, '2025-04-09 11:00:00', '2025-04-09 11:00:00'),
(4, 1, 1, '2025-04-11 08:00:00', '2025-04-11 08:00:00'),
(11, 9, 1, '2025-04-11 19:00:00', '2025-04-11 19:00:00'),
(2, 10, 1, '2025-04-12 14:00:00', '2025-04-12 14:00:00'),
(19, 13, 1, '2025-04-12 14:00:00', '2025-04-12 14:00:00'),
(1, 7, 1, '2025-04-13 19:00:00', '2025-04-13 19:00:00'),
(3, 4, 1, '2025-04-14 08:00:00', '2025-04-14 08:00:00'),
(9, 11, 1, '2025-04-14 15:00:00', '2025-04-14 15:00:00'),
(1, 4, 1, '2025-04-14 23:00:00', '2025-04-14 23:00:00'),
(4, 13, 1, '2025-04-15 15:00:00', '2025-04-15 15:00:00'),
(2, 17, 1, '2025-04-17 10:00:00', '2025-04-17 10:00:00'),
(17, 7, 1, '2025-04-18 16:00:00', '2025-04-18 16:00:00'),
(4, 9, 1, '2025-04-19 16:00:00', '2025-04-19 16:00:00'),
(4, 4, 1, '2025-04-19 22:00:00', '2025-04-19 22:00:00'),
(12, 10, 1, '2025-04-20 01:00:00', '2025-04-20 01:00:00'),
(3, 7, 1, '2025-04-21 16:00:00', '2025-04-21 16:00:00'),
(1, 16, 1, '2025-04-21 16:00:00', '2025-04-21 16:00:00'),
(19, 8, 1, '2025-04-22 23:00:00', '2025-04-22 23:00:00'),
(11, 16, 1, '2025-04-23 14:00:00', '2025-04-23 14:00:00'),
(1, 9, 1, '2025-04-23 23:00:00', '2025-04-23 23:00:00'),
(8, 10, 1, '2025-04-25 07:00:00', '2025-04-25 07:00:00'),
(2, 2, 1, '2025-04-26 00:00:00', '2025-04-26 00:00:00'),
(8, 7, 1, '2025-04-28 07:00:00', '2025-04-28 07:00:00'),
(3, 9, 1, '2025-04-28 14:00:00', '2025-04-28 14:00:00'),
(19, 20, 1, '2025-04-29 11:00:00', '2025-04-29 11:00:00'),
(8, 2, 1, '2025-05-01 12:00:00', '2025-05-01 12:00:00'),
(11, 2, 1, '2025-05-01 19:00:00', '2025-05-01 19:00:00'),
(1, 6, 1, '2025-05-03 11:00:00', '2025-05-03 11:00:00'),
(12, 1, 1, '2025-05-03 15:00:00', '2025-05-03 15:00:00'),
(12, 12, 1, '2025-05-03 23:00:00', '2025-05-03 23:00:00'),
(19, 2, 1, '2025-05-04 03:00:00', '2025-05-04 03:00:00'),
(1, 3, 1, '2025-05-04 09:00:00', '2025-05-04 09:00:00'),
(11, 15, 1, '2025-05-07 02:00:00', '2025-05-07 02:00:00'),
(8, 1, 1, '2025-05-07 07:00:00', '2025-05-07 07:00:00'),
(12, 4, 1, '2025-05-07 07:00:00', '2025-05-07 07:00:00'),
(8, 8, 1, '2025-05-07 08:00:00', '2025-05-07 08:00:00'),
(19, 7, 1, '2025-05-07 16:00:00', '2025-05-07 16:00:00'),
(19, 3, 1, '2025-05-07 22:00:00', '2025-05-07 22:00:00'),
(4, 11, 1, '2025-05-08 17:00:00', '2025-05-08 17:00:00'),
(3, 10, 1, '2025-05-09 21:00:00', '2025-05-09 21:00:00'),
(8, 5, 1, '2025-05-12 21:00:00', '2025-05-12 21:00:00'),
(12, 11, 1, '2025-05-14 22:00:00', '2025-05-14 22:00:00'),
(9, 18, 1, '2025-05-15 06:00:00', '2025-05-15 06:00:00'),
(11, 4, 1, '2025-05-15 15:00:00', '2025-05-15 15:00:00'),
(9, 7, 1, '2025-05-16 02:00:00', '2025-05-16 02:00:00'),
(11, 11, 1, '2025-05-17 23:00:00', '2025-05-17 23:00:00'),
(8, 19, 1, '2025-05-18 00:00:00', '2025-05-18 00:00:00'),
(17, 1, 1, '2025-05-18 20:00:00', '2025-05-18 20:00:00'),
(1, 13, 1, '2025-05-20 06:00:00', '2025-05-20 06:00:00'),
(2, 11, 1, '2025-05-21 06:00:00', '2025-05-21 06:00:00');